address,allocation
0x007F2A96Cbdf08BF1a58f1de3599cb67571A40Ac,146
0x03a83b8F6fDba66BF9618FA7a9d99F2706777C3c,51
0x041D8Fb41141D0a4cAcA8b32E483f6E96c0C0BC6,176
0x042796806943301623f76c2f5F1ed311372e12dF,100
0x09AF33D3Fcc44dEe8305A4bA71A84E9f80a8cfA3,88
0x0B68BC75d39195D91A1Ad7ab9FfE630242c6da64,80
0x0D0E234F3c2A0C34752a1DD0829fd3099E9c5731,59
0x0e4B909C1C96bC620E896be16B35c4e2F2b978A3,51
0x0eBdf6613A0a4C3aBb5E9E7260c32AA07d66D1a1,59
0x113F351453fc8547e435fa71aeCC8A1c70F6A24A,36
0x134CA4fee2a9B53007e1cDc811c8c06Fa05cf4dD,80
0x17C58659E901dC62C800127C72957e1AB0b1CFBb,28
0x19fBAd9480aAf449Aea5343B5bbCa864A3124d4f,28
0x1Af1bCA5D088ACC7D45229A1979449Fa174f04b4,125
0x1c6F4dfc666da461a42e9b5D890C1d1ec5c6Ba16,156
0x218DfF3cD29502f48A8d9782579a4B6CaF109750,104
0x22eFD754b4AE9a57771B00950e2c5B50E12bB5c8,88
0x238a2412e078d315ee75287C1951A5a4D9D1A0ed,104
0x25681370d5a59aA93DC67D9Dc6fBD6634A171B89,36
0x27A1c64A826419F8c255375729CEFAF072357DF2,51
0x29477A93E19f6c0469CB90BFD96123C6646Ab443,28
0x294803520A1E7B671C105C8a3D94836f40B2b557,108
0x2aC96A7da555E2E58F03aa0788171bA83e6C60bA,28
0x2b3182da8b7A1A8E5F728450B85EB063d0609C44,88
0x2bF4C5804B9290774889572bF76e31B223b73Cf3,108
0x2bd15640b09d148763c6b5eb84df2cd1b7a137e1,88
0x2cc96F1a3e55882DE61B965b668AE3A5326f4CE0,88
0x2d1Ac8139821D5b1a989F188033Ec986eFa9A3Ce,28
0x2dDfD9fcD848A5182C8F4798816F61473C888FC9,96
0x2fD3C988B789B5E2f3C718020013e4BF51CF49Ad,36
0x2fd3c988b789b5e2f3c718020013e4bf51cf49ad,36
0x30791EFc19AbA96A752a8A0DA3156d51e1dbe342,51
0x32dc9a4c8b84eeD19E2242CD73DbffEDf498ff46,59
0x330C5981b13cEd5186C8Cc369C2f84391d190364,156
0x339337EA593E2Bb4a06abDAA4CC4a138bCF95f23,28
0x33E2A85e095E7D262148A9C21ADCa59Ee876e222,28
0x3497c8389251046fE54FBaEF179e17e656723ab3,51
0x37779c37Eb0858726784c0Bae9bDeFcA980FB0E1,28
0x3863249D0a080ae47Ee57B080B7799ea7127fC27,36
0x3a280A9F96c20D1c9a221d05bE2B4faD3f506Cda,28
0x3a2Cc50571d8032967E0b54219C1C405f15A7dcd,28
0x3e483Ac9091c2f4430a87123edEc5417EdFdC066,100
0x3eBc019bd735C0b5d2558D9C52B7B87459A3C9De,80
0x410Ef4DF49583dAeec7A3CB09f85C2A9Ee658AFd,59
0x435221654f5EE519CA100F331176563630aB1cfE,51
0x450C8a41918144C2F9D7131d0b9d91a9FdB06751,59
0x45fF1b71A431Fb06B2BF2555b8641910cA35bcd2,36
0x463044920293c9b21d502578a0bdEa049b777322,168
0x48D0d49c06d18e11D74569A6Fa15CB1791121A1b,51
0x4Eea8bC93009Cc22cB86561001cd02119384E99E,125
0x4eea20757B722bdc827BcA5C85d2C7cb4D2B848E,188
0x51e62535C5B49ce5eE9F6F553630B4Ce5D5CFC53,28
0x527b74EaF25B763D0d99a57EBF1a1192Cd23B7a7,28
0x55a6901F49cD5b152e4f2A1Df72F92f33BEC0B09,59
0x56F2B2a3260d0D036cD1141070C603fc128208Ee,36
0x598Aa60C6ABB14d48D46a8f135EE014616003a3E,133
0x5Eb67a3b141f3036899EE77822A41277166c540e,28
0x5F49d57aD20e117ed5C31eC6D7461946190ECab1,36
0x5f95465CCb42C2c35522BEb48923Ac17D0605355,88
0x633C2EcE13b33502d6CfB8d054821625600c7bC6,111
0x63870408bD3177B235e260f5bf404B5A0C109D8f,104
0x64a9EB1B7B8601ED4bBc5F68934469ffDa7ef543,28
0x6576bC38727D502fF9ECb7Cae0972f0709FAd5e5,36
0x697a4d1FDEe63bBcfE3c33d2d9f6dcab784Df366,133
0x69b7F94fA8961A72f472Ac672693a5a117807c4c,28
0x6BD9B524FfDc061E59DA8758892e3f4c3c349B1C,36
0x6Bfab9b77B1288569deCa8D74c904CA7f5d8D954,88
0x6CF531479DEAE1EA261DDAB2E739C253F7D4916B,104
0x6D9b4481d10D3CF31887ca467e24e48A19845E03,80
0x6E2bD36FD533cb939c9B2e90582A882644fc06A8,28
0x6Fc1043e8451D594F8E08bD0f19DeeE18a1898b9,88
0x70C47F7B8E1f6055BA0a4F0D40D5A69154E5e229,36
0x7173CE51D1B494320229e06bbDbE0da258b9b547,100
0x762752f75B74Cc368AAB381103DCe2ee1c2cF414,88
0x76Dd55b825e0Ded5C4188f6b8da445cB85371b43,111
0x770e947eBDFf7F1A5229fd422D702e603D3a27e8,28
0x786c9Fb9494Cc3c82d5a47A62b4392c7004106ca,28
0x78E86BAb5453213841b10cD427c9b77Ef82C329a,116
0x79344aD55095ee7dB4aa903D232ff480442DEBd3,59
0x7E00960CbC0841Bf85E83f19a3E3A92957DB2fF6,100
0x7E6570777EC9b3d4535116389cF9f9e9E82998Ca,80
0x7aAE0f6B20a7D19DB6914bE9dad486Be5643eD6C,88
0x7eaFafb98F50E477A8D3015d0f9E0439f30121EF,28
0x7f719730C062f65Ee69523099553814374EA6581,108
0x806239876c71d770920B2702fc0874e7F727816d,28
0x81409E4C1a55C034EC86F64A75d18D911A8B0071,88
0x81425eF752a64548f758FA6063A8a58f26Cc1eb0,28
0x81ed4c64b1809A7e859CC746Ba10f8E777358941,125
0x822eAe753f03be87b41382E1b429e22a99A43330,28
0x83528f34477aF8c9a7a88c6c04A6C9047921fb1B,80
0x892382845FAf38BbF7B618f198BbEdf231900d5C,28
0x8A5E249Ba28C6f6492778c8850CE25EDD4A2862D,59
0x8DBdD3AcFA928f4131bEA660371206b5d80DfA82,59
0x8d32D75ab6F464eAb24eCefEAd84406Ab03bB6f2,156
0x8d69A355117c12A74A15d58Bfb1303E6C110d518,133
0x8f4B3e60F6DEdE39f91774BB96aB0C4993DA349b,28
0x91d65746479297429d648E0BD29A657e58e654bF,108
0x92Bb36972b10AF6C4C07AC283E3C9D83Eb53f4e4,80
0x950565c1D1Fb4732178161d5E07B45A656a080D3,111
0x98B75A85105f88bBc581c893d3e5b56C57e53f63,138
0x9Fa54E6beeF430d925d1994bba9E810a82B10C67,28
0x9b12d0C99B71efA67D73Da8691820e9D76B37AbF,51
0x9d2773e66d41a28CAE8eBbdBB7d396Fe51Ae03De,28
0xA05c5B589Bf52961E4eB672fAE8c93C820d756BD,100
0xA3D8cfe7cA6BCF3e94d9e13AAFF0f1B205Bc8eAc,36
0xA552910036d115a8af9158c2e37afB766130B770,28
0xAC8b79876fCEC5A6B46a4977Cbb0dEe20883E2c7,51
0xAaa3bDc6563c144eCC0222a7eFBE88aB9Da54C28,59
0xB30ae0cc41b3d255781de7c426B1B6dA2C2a2d76,111
0xB4474368c1A442064f6a989840C45B5E4a9059FB,28
0xB4A2f66c76821CDCE5C5e5e05E5c35C912C285b9,104
0xBB852372A69bdae4EDe4C1Aa626D97ad4bB65ac5,28
0xBbe78880EE96F4Df30E71626439Be803e7baF95C,104
0xBdF6Cf5D495862359DCCa1cD21a484E3eE9107D6,28
0xC370634a9f3e32b7275591F3e3F537645599f2bc,125
0xC51954Ad1602af86D459abB05aa95d57c38926D9,28
0xC523795A4929f69298A9bD43a94E5a51735A95da,36
0xC8A44E444e7dAc7744bf2FA35256F7300e9c04FB,88
0xC8B6b7548d644B2688A91FecB36F4C8E8EB6c1A1,111
0xD321aeEf7131D986C500f3dfC220c3a67AcF7BC2,51
0xD3237b6C2CEE115DB0D4bfEF4789F6b3373584c8,116
0xD65a26D5C3536EFB05B35EfEF6354339d05F32d5,28
0xD69f170D82DE974cff7E81E6aB4Bb09A90dA71eb,103
0xD6F7aF0285068E3745F39607b9AA5F81fed7A6BB,51
0xD6ee257dC510fF6682fa54689D87ace46c8C79Cf,59
0xDc9a2EC181F287c7aCc6FFb4aBDf5ba5109d9E07,80
0xDf3214b148b715d53f2579bBD2bC75Ff2074A4BC,111
0xE114E2a95F734bF49401d4f915625d98aBeb6693,125
0xEE500B627E73F9d207a5B40bb38DB762701B0a3A,28
0xEf79948D3889496970B3D2F8B3c9F0776f8C843C,88
0xF14662B6B7eDFEBe645D783AFEF03A6CE615dfe0,28
0xF1598B6dccacd5b35c92C5FA16cA8f3FD8dDab51,80
0xF3F4fA24BB91e0390E0aA37E467942467Ad76460,36
0xF64579f9F76E060e6E3fC88441d5147f722e9405,36
0xF70E7013D4eDD78698447bfB58696e7f386BC67C,198
0xF7B10D603907658F690Da534E9b7dbC4dAB3E2D6,103
0xFC9d6DCB226b5449e645C257d73b079EC3D42CC8,80
0xFD53817F370F4D14B590C14Fa40cC5BC770F57D6,59
0xFfE10080e156172f5742fdD4A5bF70208b419B98,36
0xa28e586e24e6d78d05e822188DDC118Ac2fB034b,133
0xa5CEF859cf964561128aBffb7F2A4C130770997c,36
0xa91C173412015Bb9742F8C84196558765231cbe8,80
0xaF123A19253718DBB1b0B379179e5f55538e33e4,28
0xac7dE310CF374aA363d1D89D474Dbd0d4A54a8bb,125
0xadf5ed5207D89D65678988a52cB5bE40145013a9,36
0xb15f774575c9d228fE21cD14d02fdcdD3c32A347,80
0xb7C7E4a10B5269C8E2323ace9284D0cF489A5895,28
0xbBEAc29A1125e7C994B5C1749dd12045682F9467,116
0xbEacB6DEe5E96e7aEAAb8E33bE481d7A77930734,59
0xbd22896a3c597a57c0eafdf47d3bf1e283110820,100
0xbe0A3270d7d5ac7a94179CA1375F350407D2dFE8,28
0xc42B499f9609f3C38E2f076A4885Fc50E73d726b,88
0xc679aa6529990C30c8B25aff5C825FED02720787,28
0xcA4b599A1dEAC69df773D11A9Fbb697e53cb0328,28
0xd265408112fdD1eEdAb2E5Ae5d137a90313574bD,59
0xd38F0deEB124159575F70b1F09f5310aB4424EF2,28
0xd4cF19f76addb489d079D0f60F41D6E91E7c79E1,116
0xd5a9C4a92dDE274e126f82b215Fccb511147Cd8e,176
0xd61414451bE387Ef52A34BCdFe4E6684e2e8B438,146
0xd90E130b3FCe542ac1190D061De57A29eD661Fd0,51
0xdCcFa6CD11EC6F2e6F5a9d8aEfB47d25da9FCd4F,131
0xe3762D44b4FEEC9c9a4684b196EFD038F89C3826,28
0xe48C53F8b02Ac43B48dBa3FabeC0E2a8E36B3C0A,28
0xeCbc03D79F44BcF0b26c002330e217FA1113D821,111
0xeDbAE069a2E6ba71882b629b9494De0aD3E57Edb,28
0xeEa1DF0EF4E90154fC893503c5F05c30bBD4e885,51
0xef80D1b797ab9faF01DAA46341D99eFfDe776E24,88
0xf20464Fd66251Ab19b357A7500AE89381074c127,28
0xf53b2965d13404e5d13Ce40c7448F8E13F04034B,36
0xf7B14D1c8a3eCa7A4d7cc8F9C8cA5B0d36822865,36
0xf7Db1796EE8603f3a5De43793581E038027fB9fb,111
0xfBf2c698B651b8745f871A92CB3E232701D5Fd29,36
0x55e92404943dd7fCdC16ed5B7dB550E74D0AAd5c,80
0xD10bd938E83ac3BE20748343016cc071667d7c0e,36
0x001c90AF8e915b431289eAC01F1235FD4eB495E4,23
0x02E67cad0E29FF8a5FB7abD28c219373cd787535,118
0x0538f6eC361a1bD29aa62D5863Aac5A9E389c4c5,23
0x05a50a7efCbA11c35daFb998989504F8d85D1533,23
0x0756555b94C2d646C730D814c9911F761d4f170D,23
0x08bb7B7F7CbE2b06A0251e5954af2204862A02aE,23
0x09759c0Ccc5e9518C33B237B97177d8Bd86DD931,23
0x0C666a64Cc6C25EF2aB7d11122fEb58fA88F6549,23
0x0dc3932F037b2B57C544400a9310d0723b4d8e85,68
0x106B8f93CBfB97608E573993DE46868d1E512512,23
0x16F7EC1Ed2066F09f0821850dC3Aa35f3ff1b67f,76
0x174d2d4c24f1a0eFBa22e18D8e8380Ca2b7c2175,31
0x1B2B154B94393F8F546b5a6a97bC9ec596e2A093,31
0x1Bfc365ea8eBcE2aF3f936EEd8274e58c3F39dd6,23
0x1DD6b93100c8d616b99d50664F1b21c6458AA8d9,31
0x1bbB1829bAE32f668e772eb31946632D4533074D,23
0x1ce19ef598a81a74DE4204d1fB28119106d5b157,23
0x21d013Add5421A02579254219Df0443e946aca97,23
0x252d95EDd1fA68bCDCa548Df93A2738294357188,23
0x2E26b736c068486f9C64212FCD6595F22D3E074F,31
0x302805300c24AE9D1536C30Aa9DD8153f136C722,68
0x319d116c3074aE7dA02Fa6ee50Ce453fe69d7B58,23
0x332f14b54E0914a71c7A7326C8b12f9769312e24,68
0x35652eACe2211551e30669f836E71547c1236916,23
0x3597FE5f85ef4c23c94B8A53Dd94C8106B90bfDd,23
0x35e95D5e0b5ECA6124584cCc10604d8722767080,31
0x38f6077AA62F63D5a783376D0B64048da6fB1d3E,23
0x390887a75717A6842949548c98d08ba4A06A8045,31
0x39983c280c4bC6C3801D3317F817Bb4CbB562927,23
0x42aB133871fA8b4AF29efC4D1daAdC14818df661,31
0x42eb4c8C1003C8920b54EE62fE0F8013F43855C6,23
0x43fFCdaaA502CD869B40d7A9fA3B2297EEa9B405,23
0x446100902e26f64797c2EEb627CC514887fe254b,31
0x48b576c87e788a762D6f95A456f2A39113b46950,88
0x4AcE99aC4771dDE4B912F91Fec027e52375E3638,31
0x4E1b9ac4EC5D547cAaD95E0C8BE83D7f5354BaCB,23
0x4F262395cDEAd58c12f97dAAF1B44b1D0215d1C5,76
0x4b2d70FFF5882D81b73f1Ec49D4C833a8DFbE56C,31
0x4c4180bF5eC78AF9025bDD935ed69E29c2F6CbAE,23
0x5126CEDeD17250E3b59a2Eb3497CF9CAFDC42391,76
0x51Ae1496C35A99e1d67601A49000fE7bf9d9D609,23
0x5357af1CDEbb4B07EC2396938CdadDA1e3C991a8,31
0x55b4Dc1873B2B2d54e75faBcde78160A37498A06,23
0x5691396FBad14F1663Ca2EFeFb95796ECC6848E2,76
0x5968E44c7C2BDcce1834e91497Bd68C1a2DFD821,76
0x598935b8C417cD701D452aa568A3c076D640c9AC,80
0x5BD275FDdFdF77AF9FE4f28F44B253468d065DAc,31
0x5DaB3705f235f9D8423180C6Fd6C55a6F56FeEe5,23
0x633FFa2b4E2531A3D1952543d858539fBbCa6c10,23
0x6373C0181F6dc83f6705466570cb10c06826246A,76
0x63Bf30057F7D0A4377b609DA2dA30ecf2b1b1C20,31
0x66e0eaaa8c977fc26b6c62d3917a74d5257e616f,68
0x68A85184bF76efdd202D904e6Ebf3845689516cA,88
0x6A8D2a9C4f7AFcE18d0D6cFe7Ff2049C0B054762,76
0x6Ab0C171018c0A5dBBC408B0bbf5b233AE406ca4,31
0x6C489C95693eD6Dcf47B701CC6F0b756F4fE0993,68
0x6D7b1E0Cc1e6BCcB1C2d0d8920dB1f1FE25a6270,31
0x6E39FF733D0c5561650384aaFE771B77cF73789F,31
0x6E605C05dB60E12380009F857ADb0C1A88AbeAdD,23
0x6F13FC8C3bAEF55408b0aAABBb87400b4cFB7c64,23
0x6d7f80EC597b1F729CAe46525500FF56Aa6Be777,23
0x72E9F58607055f44B37373424E543C380a55a2D3,118
0x74734212d3b18Ca3BF658f9ee713dC3B9Ca16EAE,23
0x77884B7aEaCcbf1B8A0C5a33E254391b9B49eA8e,23
0x7BC4AF884a606584390D192A83192a1D06A0DDDA,88
0x7C72835870d5CA4A6c3Ce2A304b2AA9D542F0620,31
0x7D4B137d10Fc2cd8e4dA9408029c4669C3C2ddB0,31
0x7Dc445E2B251e82bd45A4401e72Cf60b6B4a13aB,23
0x7F5a1AFefe061395bDaD9256251D16B70Ea27733,23
0x7b01c765e9c24775d842bf84bf31096bfc323c8b,23
0x7b412b1E7a421935b3765060F63568E17ad1639d,80
0x7da08fba7a69c67c0d06fd433af0c53f9c75cee8,23
0x7f3b0E4Cd302e8c8B93C5b01295A42fA6218BEE0,23
0x80398CB92256Aa5A94c61135f58e01E0a4593f48,31
0x829EeE1Ab4B21b3abD4b11b2951a03FbE16a3A97,76
0x83fF51f24949c959CACb80d1A34CB313b276C506,68
0x84643c18C3a430CBA8dF378a83281DBDA16a9733,23
0x8497dE39FE16632Ea8552ff6D579E9B2d767AD8A,23
0x85dcf31b3e9fb09dcf16e2f748c1c60a1a0fb0ba,23
0x87e03d3fA0E0C2bAAd669d0C4EF5d8B52D086625,68
0x8821Cb75d18cBCfB7009adf90cBC391bB83929D7,118
0x8Dd867135e5b57C22F6c482795fc0b89F0a2A6d2,76
0x8bb0365C86532C5c8B3dD8ecfBA74d6e290Fe685,76
0x8cCDa2A7d4ACbB099Da8b74adeaD429c991E9332,31
0x8f5F266716a2bEbBC5CD54b63852F831D2F75aEE,76
0x90f1b072Eb7da8eF56A68D39D5eD42C0C14833d1,23
0x9206d381cD0f0Fc4a6BD0e2c4AeF6364CB74b9c2,88
0x94C7a04718B5E0Df1489d618f8B1f224473560D1,23
0x94c456009cBe9c2b45EF3519127Bcb6Faf5bAA57,68
0x9502E1Eb03a5875a5ED91f6Cb90119cCa667b031,23
0x95FB57660160e6BBbDd8C51ee49bccb8f02D8232,76
0x961f4A36510cbB4ee58EE8FEaf65DC7E36A8e892,23
0x96427109835D2CB6ba483A351C576B127Cb28a41,88
0x97ea266beEcB12dD8060C4e010fD9cA9AF41b840,31
0x994595446a48c024684D1EFE0c27053b3f03742b,68
0x9bB682E843F0AF37DeA873c60Db9549545Dc5741,31
0xA1686a5D9802C7FC0bb291eC6F51c8065d728DA4,31
0xA9cF5d3d80Bef1314DE8F3d9B52D92B086c22499,23
0xAA1Faee08844A8E1952C0ffEF67aa1EF6e357081,23
0xAbb411F9d31Fcf221f8750cD88A04ca310000AE9,76
0xAf63977A00d25a301C21D4AD076BC10dA23f6f63,88
0xC08E6597658352a16974d996C245bE8110248E1e,80
0xC217250fE9048FaeFC2F79E26f393A2741B0c672,88
0xC70F954Fa5575DcA91Ab87F9e3950b7c014eD1eC,31
0xC89E49781a92B50F45bfBEa99A016840A61d039c,23
0xC93e7FEc09E54ECbbAE66754159989E44FB12aD2,23
0xCbe2c22413Bc89E11D9854E90104EE098eAee61E,76
0xD125b8c924Ae30945A20f7cC471D87B80BFff2b0,110
0xD221244685Aa917080c3F33A36A7a0D4617eDAE5,68
0xE1EB610DFCB08EE6a70712305f022c486B676111,88
0xE46b3C084a97aC37c49b8c4CeF15Db1b30e639E1,23
0xEA4f4C53646Bd30Dabb0BF89a043239B92d0cCF0,88
0xED04d3792C439b8Af827B3e46EE626827De53Db5,88
0xEd03D5D86a113de246bB8C063401554F41108183,23
0xEdF0AB86f9Ac8878E7EBc40cf10B4BaD96477b14,31
0xEed3d639BFB1D0C4055B7aaaACAf15CcB6E41881,23
0xF73B80B959Dc6E3EE284d40E884a9E7fc4Af7685,23
0xF84a3d0E725E2712F93e0Db9560c603cC645451a,68
0xFb8335f09904A761a49C9c1C9b1308AC0A3D780D,68
0xFe844530c08ffD37B5129860ff00eb24694a020B,23
0xaB99345164960Ec8c3d547cb241350A0749F8110,31
0xb0B98E0b385F0EeB06B17109c75578E33B5Df8cB,23
0xbBb9861C95a347953CA9f3918Ad3dCf6E6474551,31
0xbC627254fa9e73117cb70E1D4Eed610Ba0a9DE0D,23
0xc1E3cAD12B054351Ef1EeCc8B539156cdc0B9587,31
0xc1c149384A52F8a08a16273544360441618f1c66,23
0xcAA654125AD2e1840c53964F2A7896688fCa12e9,31
0xce9f2952F203CEEdd1c3E8E8A5a23B4ff0823E60,31
0xd6347718074C3AE835a49ce31e293860b415813f,68
0xdC133816529CB58177d9bc8b55E4b523673b84FB,68
0xdE534F774aA84e9De649284574810B06daCf9d40,23
0xe02A1070699632B1A7a8bDF68C95C2bA79014AE0,23
0xe13c9eC160bEB603D3E679F975222581224cfdb4,76
0xe2B698C2e39870a29218fff12C20a3E87784D71B,76
0xe37bc9d6CDd0996b1ACE7345305FBe4a8584F0A3,88
0xe6181bDb6e75ccCa82D2e7C105F26DC67090099a,23
0xeC29aF01A2C4f8FEfe3Ffc3c7b35Ef3B93608998,68
0xea12735deA23d7Ad19ab9c5467aEc829dbeb650d,68
0xec85Ce4C8cF4210E25345531929b800aE31D9F79,23
0xf15c904BE762B110e29946322fe2a7d9990ceC9A,23
0xf74Ea9CC99939b4dd097f8B035f26228C993Ed91,68
0xf78b07fb40509eDf18aB807648b832348380256e,68
0xffBbA779b07ff7d006A4BA63f0E0ac770371C789,31
0xDdDC55B39f528B4AE7e2A02c987Af56f089426c7,23
0xBF663151047742Eda45eF1d3e0a1b69b3BB175B3,76
0x00838C2cd0384BF95108e93F97959f897149B154,8
0x00fC558F38AC9b814C17671c7EaA1599f40401CC,8
0x04783f02623e6D8Eb53E1eB20Ec8531F04f822C3,8
0x047E6955A24C9017A48ba5eecA674b51fFc8e191,8
0x05a2C36A14Ab81a83aC2453c31F625D8421771A9,8
0x0831344188d04d1610Be3E260cCbc35c2AfC42B4,8
0x096A9850e00c1d6fD767514735225935E173120e,8
0x0BD31bE7Fd5a51Ed7994e08619A97Bb8f803791E,8
0x0Bd6208C2f2BEaB506FC0A0a03Dff0Fa1d8fEc01,8
0x129e81dad8cfaeecee130309b39b5f22215062ed,8
0x13355fD287aEf8E5cea8D70dFF4e9686227E65d8,8
0x16C8eA495762c8d5e85a4a70Fb1d5E180972C107,8
0x1916f10eC537863f0aE4C2aC713e168Fafa65295,8
0x1930672beF460512be33560849e3deAaa453CaDD,8
0x1AAFe866d313e5078a12745dF06b7b7988662ff8,8
0x20B9be08A5fd0a921B1577bD826C5f1127a8003F,8
0x22A6eEE2c4Db9957e18A5ee4736b92702e4311fc,8
0x23bd18f6375b55AbB41c9153814cF4560484bCDc,8
0x248b190452b88DeBb10345710741067457D60c66,8
0x2CcD572a150e61cb211d735076A87D9A4Ea7FB65,8
0x2Da6B3fFfE9B9944831c5d0623aE45c08edae51c,8
0x2aE3a394D34e2912D9A5a9babD5Ba0Ed5Aab819E,8
0x323f65EE05616B15d5FC5339ccf1d354ef2C39f3,8
0x34111B0Acf243835254E721ee01f593fF6dFDa41,8
0x364BE9f2fe47149561c9e6d035E5B39B28A447bD,8
0x3CAAC0D4e188bc0686D8AcBe658Ee4e12f856D96,8
0x3fCCc9138e42be388Da2146FBD76FA610bA25b80,8
0x447d7F4ff51aA024176aDe59913193EA25c17092,8
0x45358BFC9a1F52b6623fD299a214CDd88244cAb8,8
0x47E1f80c98e2DB6Ae6319CEE060dB025Fb87ebB7,8
0x4E94b3c292a250d4149E9bB0b6681c6261468581,8
0x4a58167C719339754fDBD12108699DaF8Bd43Ed5,8
0x4cFd716E8Bc5Fcb7919a656e051232e41B820e0E,8
0x5431F732A9E89A0210D12eB850B803974E039C5c,8
0x569c8f72Cf4A896ff0423444284dCbc5C3B5f1B7,8
0x5F71b348EF2f6910a26a7ca6eff77B1C8bd9992b,8
0x5a95db4EC358E5042ba4e757f15a1C6a3d6aA6Dd,8
0x5e1fb6CBF6c033d9C3fc2735Af81b1f074150133,8
0x62434ddb02f846cbd5BE19D535cf2542Fd92d549,8
0x626BB5bc4dd1cA5f49E313Cc733138A6a631F10E,8
0x6286D218DC632b1642906B925f83eB39e39e545D,8
0x62C4eE3905aCB37106dfA2175226afFa6DDf3032,8
0x62E857eA0A770F28950e3b77afAF6E2f9e735718,8
0x6375E9D0bC33a6A26D0aE093Ddf755a6F52F068A,8
0x64D5f7512a02939610D6728A8dA885C93b3cF4B9,8
0x68eF343d589C2a58028Af917Fdb9361D11AdC951,8
0x6B6aca951a1400B9Cf92F4Dd9e6b3A14827F532b,8
0x6b020e329f403FC96fbBE1Ba5C2742346A72211a,8
0x6dE62616Dd365A4eEb40dAecEABd7aB5643d6D20,8
0x6e969cB609E0F188Ad30F3F946f4Fe9Fd210226C,8
0x6eC29a7Be2fAaEA0Aa33065b531C19B9AF9c8A0A,8
0x73406cB96Cbddcd3E50D938D4355AF2763Cd20a8,8
0x73d0270F73b862068654876d6E87C3Fbd9A59132,8
0x74763966A8CADB3B839D1Cee485B92E2C494286a,8
0x764AaF34e32ecFe2C8257E21933B1857ED7B90e4,8
0x78E37187998bf8886e13c50252815f2571E4fC6E,8
0x7944885572FF5Be868dB1b03cdDaf268FFF24724,8
0x7C818D46ACEf870ea88137BF553594f4803872cA,8
0x7DA117C9391Ee2F1406Bb18B1404e1c4A2d01870,8
0x7E538797C59E44df35e451d550Ad69156f93BE98,8
0x7ac95248bF886FD20DB4019A98B607bBa284A466,8
0x8237Dd9b0D445A9cb1782f7c2360DC8558272dcE,8
0x82432fF8c8f73bc3a109c7190a1Ed82961535196,8
0x8bA9dd61C0cD10cEe3fb0cd667f4DAe9c7dAF96d,8
0x93d7CFb02e19d82D61b9CF418b4275D3462008bC,8
0x9Aa0329ab6e9ec9fc5A05F44aa2A6E99Bd7789e9,8
0x9FaaaED85e782531f34E5A9b68254fB088f1a310,8
0x9ab97cb816010CF1aBe8e67f6Cfc56CE3BE917A3,8
0x9bbA7aF9fF691B51f4AE14E21304d22562fCc370,8
0xC3e190676b560514aB4bffb60BEb23bcABd3D4D6,8
0xC464ffF60fedb3CCFE6b5B8127335f480E1d5b50,8
0xC52EFE58C489120634449AF7FdeF6A2a4cA100b7,8
0xC7C346adfCc5A38d1CEBc1d3Ecf23EC8519AC494,8
0xCA733b9120A06F4Fd425C4f827E75918d9342bd9,8
0xCd782fFAcF49953093fa63E9df4D9926153d55f5,8
0xD1c51914080C848Bf1f6bB79D325F2E1577870dc,8
0xD24f31d95D8f71EaE262FE16176f2BE88067A1eC,8
0xD3daC36C1Ef3F08fbCF4Ae7A0E3C24a2d74cF0bF,8
0xDF397162161F80307d3DfAF7b44d196b57091a2A,8
0xDa42D6E42558f941f1BCaD3DF8FB12D10871D469,8
0xE57B56CB35c57EeAD00E198c7D6E6506a2Acb6AB,8
0xE8A4e0C7cBEB034fce661f08A52719592E7Ad5FC,8
0xE8eDC0AFB7E8afDEC914023A825fb82099c1009a,8
0xEcC60751B1B464981990037C55aff08b6513D3b8,8
0xF4a5411139c6C660965162eb549cf3a1851F2943,8
0xa575A39766de0e961338De6F1D29DdFb3760b2E1,8
0xa61f576D9d3a5784F4115148657EDE79105b9Eb7,8
0xa796FFb463a89cc390a9Bbe442cD2C56496F05CA,8
0xaBEa83b489234CB96c6342D9614185f63Fc04d86,8
0xb22E625FB8aE8bCC21568678CeCa6B2b8A459BAc,8
0xb22bF2130d2ba7e0e98E1553163DF0B062c6b242,8
0xb2C5AE080a236fE89A87fDbd1F9D58aD4b57c6B2,8
0xbD7C18675Ee602ae351976Eed72d73a35A879046,8
0xbdcf7993B5674E00ccfEc1F3D7Ddb6EB7914ff78,8
0xc1cAd6df277106222Dd45cF5B0300fBd4d1193D5,8
0xc31Fd01a027fB3732Ac98F673e8eb1923819C378,8
0xce08958266f58b638527b224d8b7141a3ff9c77e,8
0xd7C13e9104064305837A8738c8bfa8111f5fe93E,8
0xe5dc0251EDa9612cF8f92815656Aac5108a09516,8
0xeA3Fe7A3544314dd7D2CF695E3862477Ed2b42b7,8
0xefcc705D4e333Ede425E6dCcad320A27508290Fc,8
0xf0B3Ed341884F2383D76BaDf024F314e12C9a745,8
0xff3B3BF28221C7dF5BE16052159e812380b45e03,8
0xabC17e042c79940D4894C17e27F564ebDA6012c0,8
